user_id,items,created_at,updated_at
17257,"[34530, 40475, 40619, 18870, 74789]",2023-01-22T17:31:40,2023-12-03T02:22:41
77738,"[62754, 22209, 41291, 12030, 57376]",2023-09-23T01:48:36,2024-09-11T22:34:52
3949,"[57144, 43219, 43302, 95001, 51792]",2024-04-29T04:52:07,2024-07-22T09:37:50
83281,"[91907, 96943, 38110, 3720, 25237]",2023-10-21T04:22:31,2024-03-24T17:55:19
91342,"[71187, 6153, 7531, 66409, 83982]",2024-04-24T11:41:16,2024-12-22T07:04:58
59234,"[34851, 6539, 46165, 98677, 47328]",2023-12-07T18:28:18,2023-12-25T05:03:29
48296,"[27572, 56842, 89170, 3720, 30688]",2023-06-29T16:17:48,2024-04-15T11:37:27
12540,"[84917, 2302, 46162, 96199, 14630]",2023-11-22T06:08:12,2024-02-18T20:44:39
83291,"[66311, 7469, 79257, 10872, 60953]",2024-03-07T02:01:27,2024-03-21T07:57:35
65596,"[77308, 81289, 5395, 34166, 96098]",2023-06-22T09:42:46,2024-05-16T05:19:58
90385,"[34166, 4700, 8754, 87259, 9286]",2023-11-10T20:31:49,2023-12-27T13:05:26
72438,"[58078, 77308, 42389, 20767, 13979]",2024-01-04T21:30:05,2024-03-17T07:33:45
59968,"[56842, 53459, 17379, 91026, 93730]",2023-09-24T00:52:07,2024-04-27T20:29:40
84288,"[13572, 34530, 80919, 14924, 20515]",2023-12-17T11:04:27,2024-04-17T03:15:18
91833,"[34544, 85468, 76654, 2200, 73566]",2024-07-12T00:40:07,2025-01-16T16:35:01
15158,"[74992, 24888, 81136, 86937, 26746]",2024-09-16T18:36:29,2025-01-07T14:05:24
30150,"[43770, 18760, 70523, 22837, 23075]",2024-12-03T05:45:48,2025-01-08T17:53:11
18282,"[88299, 80736, 65739, 41291, 27824]",2023-11-26T09:48:02,2024-04-18T08:04:01
52678,"[630, 97689, 97573, 60085, 12827]",2023-11-03T23:43:06,2023-12-16T12:55:03
38398,"[26460, 70726, 36882, 52425, 88199]",2024-02-13T06:49:01,2024-05-27T05:07:31
80140,"[83724, 84440, 48589, 12288, 63334]",2023-02-27T19:28:33,2024-01-09T05:46:50
47501,"[46454, 27748, 85714, 97385, 79720]",2023-11-01T20:39:55,2024-07-15T06:48:18
2788,"[99336, 65558, 75108, 31085, 33146]",2023-10-19T20:11:13,2023-11-10T15:31:57
25451,"[69452, 54566, 18584, 76916, 92656]",2023-05-14T12:07:30,2024-10-30T23:41:23
9944,"[62190, 56917, 60346, 28034, 94788]",2023-09-04T15:25:31,2024-10-29T00:08:54
88735,"[89377, 83827, 3154, 2575, 95534]",2024-07-18T16:04:36,2024-10-20T01:28:10
99437,"[97689, 43983, 20479, 75982, 68126]",2024-12-02T03:33:21,2025-01-20T14:52:32
2700,"[46853, 11298, 74992, 65259, 30212]",2024-11-06T02:06:32,2024-11-10T15:27:57
70399,"[37968, 75156, 95895, 85985, 85468]",2023-05-23T22:09:18,2023-05-24T08:53:38
26917,"[20158, 70813, 56661, 8341, 47164]",2024-05-29T00:58:25,2024-08-23T14:05:42
26932,"[50645, 6984, 20620, 43983, 30159]",2023-02-06T10:49:32,2024-08-29T16:32:37
69241,"[99715, 65681, 81488, 45308, 82536]",2023-12-27T06:01:44,2024-07-13T05:56:22
3476,"[4677, 88388, 25237, 58677, 7348]",2023-02-27T10:57:40,2023-10-11T21:11:48
91318,"[4944, 75183, 24808, 69132, 58898]",2023-11-30T09:16:31,2024-09-30T10:17:25
83581,"[57294, 70102, 43368, 3154, 53894]",2024-10-04T00:08:29,2024-11-25T02:40:47
25742,"[39903, 70788, 51144, 67862, 24101]",2024-07-08T14:43:16,2024-10-17T06:00:11
24050,"[80506, 25810, 54308, 53204, 90018]",2023-09-03T13:50:15,2024-07-19T20:14:49
58058,"[84472, 26746, 82536, 44737, 31083]",2023-08-25T21:39:37,2024-02-20T21:01:28
59870,"[88490, 13112, 43121, 69452, 67351]",2024-08-02T00:58:24,2024-09-27T16:29:48
68352,"[41034, 65558, 73638, 99621, 7227]",2024-12-18T11:23:44,2025-01-21T12:52:40
89634,"[23107, 76789, 19417, 51721, 21874]",2023-11-22T17:02:58,2024-04-11T15:52:55
59563,"[13694, 89377, 31356, 46116, 52704]",2023-12-29T23:33:09,2024-08-01T13:04:19
67051,"[6669, 66929, 49414, 62121, 16347]",2025-01-05T10:42:07,2025-01-10T18:03:32
28060,"[74789, 34733, 12233, 24808, 6821]",2025-01-04T12:58:51,2025-01-06T04:45:59
60843,"[48920, 60085, 69699, 38889, 98712]",2023-12-01T20:19:03,2024-09-09T07:11:20
74231,"[66315, 22577, 23014, 6915, 48698]",2023-01-29T04:52:27,2023-02-13T21:14:00
31989,"[13114, 48716, 90964, 12497, 39464]",2024-06-30T06:51:11,2024-09-02T15:52:54
38224,"[63282, 25861, 90417, 87852, 3720]",2024-04-22T10:52:28,2024-11-05T23:52:11
30210,"[26, 40475, 36882, 21746, 97863]",2023-06-26T13:36:41,2024-11-12T14:56:25
80434,"[43290, 91660, 62190, 51367, 67588]",2024-07-09T21:29:20,2024-09-24T04:40:24
26222,"[79500, 48533, 54927, 93596, 94374]",2023-09-27T14:52:10,2024-07-10T19:03:35
68041,"[95895, 4531, 24101, 83764, 56857]",2024-08-01T19:20:41,2025-01-03T01:58:44
63274,"[95562, 39361, 81495, 57305, 68809]",2023-02-08T12:10:44,2023-11-01T07:33:14
49086,"[22572, 66311, 68809, 48206, 3720]",2024-07-10T10:56:47,2025-01-12T17:04:29
26676,"[86789, 56661, 87848, 52425, 81698]",2025-01-03T22:55:56,2025-01-06T17:06:33
53980,"[19090, 20515, 11811, 44692, 11865]",2023-05-11T00:08:37,2023-06-22T04:58:17
85125,"[86799, 89454, 38477, 33205, 97456]",2023-02-20T19:11:31,2024-04-12T07:45:07
37958,"[52109, 43219, 95571, 68740, 81488]",2023-11-30T02:14:00,2024-02-01T21:22:49
98439,"[42389, 93767, 11978, 41050, 59737]",2023-02-10T13:01:18,2023-05-14T02:07:02
82978,"[30688, 76915, 40514, 94136, 1162]",2024-01-08T20:45:39,2025-01-09T03:20:54
17866,"[51721, 37225, 64777, 33521, 69667]",2023-05-02T14:41:29,2025-01-02T15:34:49
10361,"[13112, 69723, 47768, 75156, 72196]",2024-02-10T06:11:13,2024-03-02T11:02:50
82865,"[40927, 29223, 12030, 19687, 21500]",2023-03-07T20:11:49,2023-04-17T07:13:17
29768,"[83374, 42804, 21874, 88875, 79263]",2023-12-04T18:15:26,2024-07-28T08:04:43
89575,"[38110, 94341, 71365, 93719, 24207]",2023-07-13T12:37:25,2024-05-17T14:14:52
76665,"[27824, 82079, 99715, 75476, 19060]",2024-12-10T23:16:18,2025-01-07T17:40:54
648,"[95001, 99189, 44005, 73566, 97888]",2024-09-13T16:12:48,2024-09-29T11:53:05
33703,"[36803, 30454, 34483, 61410, 42479]",2023-02-18T00:04:32,2024-02-15T17:13:25
32882,"[89496, 13402, 97226, 30400, 80506]",2024-05-21T10:52:23,2024-05-25T07:50:32
82664,"[54001, 47985, 63903, 40619, 94136]",2023-09-11T21:32:16,2024-03-12T02:22:30
81269,"[8531, 27314, 39008, 24442, 69500]",2024-03-22T14:09:26,2024-11-12T06:04:48
6148,"[94417, 80101, 58638, 81359, 57392]",2024-10-23T18:12:45,2025-01-01T17:44:53
6104,"[19560, 75102, 53358, 40535, 56857]",2024-12-20T07:49:17,2025-01-16T00:09:35
61856,"[51369, 52232, 46363, 6657, 6903]",2024-10-07T14:56:22,2024-11-18T14:37:12
86056,"[65309, 12689, 88863, 24808, 65284]",2024-08-10T20:41:30,2024-10-29T17:57:02
31607,"[56964, 13112, 73638, 52232, 34676]",2024-02-09T20:43:17,2024-05-18T22:22:53
39695,"[27572, 48539, 56870, 91026, 73638]",2024-05-05T21:56:32,2024-11-19T16:57:08
79798,"[49414, 63334, 80506, 5907, 48716]",2023-07-19T10:16:38,2024-12-03T14:13:29
36949,"[36803, 36647, 75645, 68344, 24045]",2024-03-21T18:20:47,2024-05-11T08:58:09
16558,"[2601, 3048, 2651, 3001, 95001]",2023-07-28T22:53:11,2023-12-25T16:42:32
56977,"[17577, 15214, 43254, 30143, 65282]",2024-11-10T15:41:44,2024-11-27T00:08:20
32017,"[96882, 34733, 51643, 59179, 76933]",2023-04-01T22:02:10,2023-08-24T06:26:37
18214,"[11264, 25861, 95534, 79069, 3048]",2024-10-18T20:57:33,2024-11-26T06:12:59
64526,"[3090, 27050, 15426, 42389, 60772]",2023-07-22T03:49:03,2024-05-15T15:39:10
8485,"[70443, 62445, 86403, 83724, 97086]",2023-03-28T21:53:02,2024-08-26T22:13:06
71016,"[11865, 24207, 86937, 13968, 42191]",2023-06-05T10:11:05,2024-01-01T14:50:06
15386,"[57449, 33521, 26460, 72116, 47385]",2024-12-26T16:06:52,2025-01-11T08:52:18
53930,"[53894, 33680, 7321, 83724, 29135]",2024-12-11T23:36:39,2025-01-17T06:18:05
4492,"[25500, 11349, 27050, 54656, 96098]",2024-06-29T13:35:15,2024-08-02T03:33:05
86387,"[41050, 18921, 88199, 45308, 91875]",2024-10-08T08:48:35,2024-12-11T15:26:08
1876,"[85393, 25993, 75102, 35100, 74992]",2024-06-29T12:55:34,2025-01-20T08:56:26
81744,"[39903, 98712, 28883, 84358, 27227]",2024-04-22T04:52:16,2024-04-24T18:06:47
39256,"[83982, 11264, 68809, 55158, 21249]",2024-12-18T23:47:48,2024-12-31T15:29:05
41452,"[76463, 71342, 88388, 75476, 81831]",2024-02-01T06:34:41,2024-08-30T09:42:49
38729,"[2601, 22636, 11978, 24194, 87259]",2023-06-28T23:25:16,2023-10-03T06:30:11
52399,"[53804, 39903, 22458, 23351, 81831]",2024-07-23T18:58:55,2024-11-05T01:29:41
74456,"[11298, 88490, 88499, 90018, 89556]",2024-12-24T13:22:36,2025-01-20T02:52:27
74892,"[6669, 19245, 10408, 31552, 60772]",2024-09-25T18:40:51,2024-10-27T12:55:10
72425,"[96199, 84472, 45051, 86789, 18760]",2023-12-19T04:51:42,2024-06-17T15:59:52
27579,"[25302, 75137, 69871, 53235, 3822]",2023-12-23T00:41:16,2024-11-16T07:22:24
