id,first_name,last_name,email,gender,favorite_genres,created_at,updated_at
17257,Shelley,Dougherty,taylorjillian@example.com,Gender nonconforming,Reggae,2024-09-21T21:53:28,2025-01-20T08:04:51
77738,Jennifer,Hill,ndavidson@example.com,Agender,Classical,2023-04-08T01:55:24,2024-12-17T01:40:56
3949,Michael,Hayes,jamiesavage@example.com,Female,R&B,2024-06-26T20:44:53,2024-09-04T05:20:25
83281,Mary,Hawkins,ccooke@example.net,Genderfluid,Funk,2024-08-05T18:55:50,2024-12-05T13:48:57
91342,Samantha,Houston,roachvanessa@example.net,Female,Alternative,2023-03-06T09:32:24,2024-03-26T15:17:30
59234,Teresa,Meyer,brightstephanie@example.com,Female,R&B,2024-12-20T01:26:16,2024-11-17T02:20:58
48296,Lisa,Kennedy,christopherbarrett@example.com,Gender questioning,Country,2023-06-14T14:42:45,2024-08-07T23:42:33
12540,Rachel,Ochoa,dmedina@example.org,Female,Metal,2023-07-19T02:08:56,2024-12-26T23:30:18
83291,Justin,Smith,hudsonjudy@example.com,Genderqueer,Techno,2024-08-25T09:13:30,2024-04-05T03:59:06
65596,John,Gordon,nsmith@example.org,Male,Funk,2024-03-10T00:00:16,2024-09-20T21:21:29
90385,David,Smith,brownnathaniel@example.net,Non-binary,Jazz,2023-02-15T12:41:38,2024-11-16T22:54:25
72438,Jennifer,Thomas,jean38@example.net,Male,Country,2024-02-08T23:59:21,2024-12-28T21:49:59
59968,Steve,Cobb,valdezadam@example.org,Male,Blues,2024-11-16T12:11:36,2024-06-16T13:48:42
84288,Steven,Bowman,hharris@example.net,Genderfluid,Jazz,2023-07-30T20:31:59,2024-06-15T02:33:46
91833,Steven,Rodriguez,nicholassmith@example.com,Female,Alternative,2024-09-16T23:05:38,2025-01-03T12:21:18
15158,James,Hernandez,laurie10@example.net,Agender,Country,2023-11-12T02:21:28,2024-12-19T12:28:28
30150,James,Martin,tamara67@example.org,Genderfluid,Reggae,2023-04-16T01:38:52,2024-11-23T22:17:51
18282,Andrew,Smith,lisa63@example.net,Female,Pop,2024-11-08T07:16:52,2024-06-07T16:11:36
52678,Ashley,Sanchez,muellersarah@example.net,Male,Hip Hop,2023-07-17T18:04:46,2024-02-03T04:21:30
38398,James,Ruiz,mcdonaldelizabeth@example.org,Gender nonconforming,Jazz,2024-09-30T09:31:49,2024-11-11T04:18:20
80140,Natalie,Benjamin,leahschultz@example.org,Non-binary,Country,2024-02-17T07:25:58,2024-10-01T16:36:30
47501,Andre,Berry,yharris@example.com,Female,Punk,2023-04-29T16:21:52,2024-06-06T06:58:25
2788,Karen,Fields,normaarias@example.net,Genderqueer,Electronic,2023-07-31T03:27:09,2025-01-05T23:05:54
25451,Carlos,May,emilyanderson@example.net,Gender questioning,Folk,2024-05-28T15:12:06,2024-08-22T14:14:10
9944,Jessica,Thompson,rwatts@example.org,Gender nonconforming,Techno,2025-01-07T20:31:15,2024-09-06T19:57:53
88735,Austin,Ellis,gedwards@example.net,Gender questioning,Country,2023-10-15T08:52:13,2024-11-25T16:50:41
99437,Charles,Davis,nboone@example.org,Agender,Techno,2023-05-14T13:56:37,2024-09-29T00:05:17
2700,Sean,Wright,jacqueline87@example.org,Female,R&B,2024-10-16T01:00:26,2024-11-16T21:32:18
70399,Susan,Nelson,melissa88@example.net,Gender nonconforming,Punk,2024-07-04T09:26:38,2024-03-09T03:41:51
26917,Antonio,Snow,melissa10@example.org,Female,Country,2024-02-23T10:44:44,2025-01-15T01:59:55
26932,Ryan,Brown,bbass@example.com,Non-binary,Blues,2023-04-03T16:12:18,2024-04-21T00:16:23
69241,Kristina,Harper,alicia64@example.net,Genderfluid,Rock,2023-03-05T11:29:41,2024-06-27T00:10:34
3476,Kimberly,Ellison,larry43@example.com,Gender questioning,Rock,2024-11-28T13:41:08,2024-12-08T12:02:07
91318,Tara,King,wwood@example.com,Non-binary,Jazz,2023-03-21T05:44:03,2025-01-11T05:01:53
83581,Beth,Costa,andrew88@example.org,Gender nonconforming,Jazz,2023-02-06T00:04:06,2025-01-16T05:31:13
25742,Juan,Hall,annettefoster@example.org,Bigender,Reggae,2024-10-27T03:13:20,2024-11-20T20:19:34
24050,Brittany,Zimmerman,melissacole@example.com,Gender nonconforming,Country,2024-02-06T21:35:57,2024-06-06T19:14:28
58058,Carla,Riddle,rebeccadelacruz@example.net,Male,Blues,2023-11-23T03:41:32,2024-02-23T15:17:31
59870,Bradley,Moore,william81@example.org,Gender questioning,Classical,2024-04-28T11:55:05,2024-07-08T00:49:17
68352,Nicole,Walsh,john12@example.net,Gender questioning,Blues,2024-06-30T12:59:58,2024-06-14T07:25:07
89634,Melanie,Francis,gutierrezjulie@example.net,Gender nonconforming,Jazz,2024-05-16T17:24:08,2024-05-13T16:07:49
59563,Jermaine,Simmons,jessicawallace@example.org,Male,Rock,2024-08-18T04:15:22,2024-02-05T08:06:15
67051,Tonya,Mueller,gharper@example.org,Genderfluid,Funk,2024-06-07T12:18:21,2024-12-03T13:27:27
28060,Raymond,Lee,jermainelopez@example.com,Female,Rock,2023-11-05T13:25:23,2024-01-26T20:15:49
60843,Katie,Lynch,candice32@example.net,Genderqueer,Country,2023-11-16T10:57:11,2024-03-31T03:43:19
74231,Craig,Sanders,kayla52@example.org,Gender questioning,Electronic,2024-08-16T09:08:16,2024-03-03T06:12:30
31989,Tracy,Green,arnoldnicole@example.com,Male,Funk,2023-11-18T02:25:08,2024-04-29T10:56:52
38224,Megan,Mclaughlin,petersonjared@example.com,Non-binary,Indie,2023-07-21T07:04:00,2024-03-28T14:37:06
30210,Linda,Sims,thomas43@example.com,Female,Classical,2023-07-07T08:52:58,2024-02-27T09:36:51
80434,Rebecca,Johnson,mitchellmccoy@example.org,Genderqueer,Electronic,2023-04-21T22:10:54,2024-07-16T19:47:57
26222,Sarah,Simmons,banksmandy@example.com,Gender questioning,Punk,2023-04-25T12:04:23,2024-10-29T08:26:09
68041,Michelle,Swanson,mccarthyharold@example.com,Genderqueer,Hip Hop,2023-09-14T12:39:55,2024-06-28T18:49:32
63274,Natasha,Rivera,uolson@example.com,Non-binary,Classical,2024-12-05T04:49:45,2025-01-18T17:43:23
49086,Amber,Mckinney,nathan27@example.com,Female,Reggae,2024-11-04T11:09:48,2024-11-26T03:57:08
26676,Jason,Lane,john07@example.org,Agender,Reggae,2024-10-31T20:45:55,2024-04-04T03:09:15
53980,Angela,Walker,vburton@example.org,Female,Indie,2023-02-20T20:29:25,2024-06-24T08:14:22
85125,Steve,Moses,erin36@example.com,Non-binary,Electronic,2023-04-11T07:55:36,2024-10-30T16:08:42
37958,Cynthia,Chandler,duncancynthia@example.org,Female,Jazz,2023-07-02T16:14:08,2024-03-24T14:14:44
98439,Deborah,Neal,harrismelanie@example.org,Genderfluid,Electronic,2023-12-20T18:28:41,2024-10-17T17:48:11
82978,John,Jones,zperkins@example.com,Genderqueer,Country,2024-04-11T23:09:21,2024-05-07T03:11:37
17866,Mary,Smith,baileydiana@example.org,Non-binary,Punk,2023-02-08T17:20:16,2024-06-20T19:06:43
10361,Natalie,Simmons,davidarellano@example.org,Female,Folk,2023-08-29T16:56:09,2024-09-27T00:31:03
82865,Julie,Barnes,wsims@example.net,Gender nonconforming,Blues,2023-09-09T01:41:52,2024-03-30T08:54:21
29768,Bryce,Johnson,merrittalex@example.org,Genderfluid,Punk,2024-10-05T16:39:50,2024-08-02T05:35:48
89575,William,Jarvis,kathleengeorge@example.org,Female,Folk,2023-10-28T16:15:56,2025-01-11T06:50:52
76665,Lauren,Turner,courtney63@example.org,Non-binary,Jazz,2023-11-05T22:24:53,2024-02-01T19:42:37
648,Reginald,Richardson,frances51@example.net,Genderqueer,Blues,2024-03-10T05:39:20,2024-12-02T07:21:17
33703,David,Thompson,rvilla@example.org,Male,Punk,2024-08-08T04:45:33,2024-05-01T05:29:30
32882,Mark,Green,cesar05@example.org,Non-binary,Techno,2024-06-09T10:50:52,2024-06-11T10:55:25
82664,Tanya,Williams,chelseawhite@example.org,Gender questioning,Funk,2024-08-31T13:19:05,2024-05-06T07:29:38
81269,Eric,Pena,dianasmith@example.net,Genderfluid,Classical,2023-05-23T05:32:43,2024-05-08T10:35:50
6148,Nancy,Anderson,andrewcruz@example.org,Gender nonconforming,Techno,2023-05-08T18:39:17,2024-08-21T05:35:21
6104,Kristy,Smith,nicholashowell@example.net,Agender,Indie,2023-10-23T09:56:37,2024-07-06T13:04:25
61856,Brittney,Ferrell,fwerner@example.com,Bigender,Country,2023-11-25T08:02:50,2024-05-26T13:22:22
86056,Tyler,Hall,jacob96@example.com,Bigender,Punk,2023-11-12T16:38:20,2025-01-01T06:01:10
31607,Kristen,Smith,dennischristina@example.net,Genderqueer,Country,2024-04-26T15:14:14,2024-12-15T20:47:20
39695,Ashley,Lee,medinasamantha@example.org,Female,Funk,2024-12-23T11:39:21,2024-09-30T19:16:53
79798,Emily,Erickson,tinapatterson@example.org,Gender nonconforming,Reggae,2023-07-01T02:19:12,2024-07-22T06:52:34
36949,Joshua,Martinez,rebeccakim@example.org,Gender nonconforming,Alternative,2023-04-23T19:57:54,2024-03-15T14:48:25
16558,Adrienne,Navarro,aguilardavid@example.org,Agender,Reggae,2023-08-12T01:31:38,2024-02-22T02:48:24
56977,David,Clark,kristincooper@example.com,Gender questioning,Blues,2024-08-18T16:35:46,2024-04-10T12:29:13
32017,Tanner,King,douglas54@example.org,Male,Folk,2023-10-30T15:27:11,2024-09-03T07:15:00
18214,Jose,Brown,timothyflowers@example.org,Bigender,Folk,2023-07-09T00:42:43,2024-12-27T07:36:55
64526,Kevin,Jones,frankjackie@example.org,Gender questioning,Country,2024-03-05T16:24:50,2024-03-10T05:10:17
8485,Kevin,Cameron,michael13@example.net,Genderqueer,Pop,2024-12-06T13:55:15,2024-09-13T07:38:30
71016,Tammy,Kirk,wallaceanthony@example.org,Bigender,Funk,2024-07-20T01:19:23,2024-04-04T03:28:50
15386,Patricia,Williams,adriandavis@example.org,Bigender,Pop,2023-12-09T22:55:22,2024-12-28T20:33:06
53930,Maria,Roberts,mwhite@example.com,Female,Hip Hop,2023-12-06T10:51:12,2024-04-04T23:45:12
4492,Anthony,Hardy,justinjames@example.net,Gender questioning,Metal,2023-04-21T14:26:03,2024-12-22T02:58:10
86387,Blake,Perez,christina35@example.org,Gender nonconforming,Blues,2024-08-13T20:35:46,2024-03-04T11:59:24
1876,Brandi,Bailey,aaron52@example.org,Female,Classical,2024-11-21T14:14:35,2024-05-03T17:48:34
81744,Andrew,Rodriguez,gonzalezrachel@example.org,Agender,R&B,2023-05-06T02:11:58,2024-10-23T10:28:10
39256,Valerie,Burch,heathermoore@example.net,Gender nonconforming,Pop,2024-09-02T12:24:45,2024-12-20T10:54:15
41452,Joseph,Shelton,cherylyang@example.org,Genderfluid,R&B,2025-01-18T19:51:52,2024-02-11T16:47:17
38729,Misty,Johnson,esellers@example.org,Gender questioning,Metal,2023-06-23T11:16:29,2024-02-01T10:25:04
52399,Rebecca,Johnson,kenneth25@example.net,Gender nonconforming,Alternative,2023-06-22T00:51:08,2024-08-19T14:59:02
74456,William,Mora,lschroeder@example.net,Bigender,Classical,2024-06-21T20:01:23,2024-10-22T10:45:43
74892,Lisa,Wells,johnsonrobert@example.org,Agender,Indie,2023-06-08T18:02:41,2024-03-25T14:08:54
72425,Scott,Johnson,kim31@example.org,Gender questioning,Folk,2024-05-29T14:21:30,2024-11-06T17:20:45
27579,Abigail,Mullen,glennkeller@example.net,Agender,Alternative,2023-11-24T10:40:55,2024-03-10T14:41:42
